images,label 
./images/1/1.jpg,0
./images/1/2.jpg,0
./images/1/3.jpg,0
./images/1/4.jpg,0
./images/1/5.jpg,0
./images/1/6.jpg,0
./images/1/7.jpg,0
./images/1/8.jpg,0
./images/1/9.jpg,0
./images/1/10.jpg,0
./images/1/11.jpg,0
./images/1/12.jpg,0
./images/1/13.jpg,0
./images/1/14.jpg,0
./images/1/15.jpg,0
./images/1/16.jpg,0
./images/1/17.jpg,0
./images/1/18.jpg,0
./images/1/19.jpg,0
./images/1/20.jpg,0
./images/1/21.jpg,0
./images/1/22.jpg,0
./images/1/23.jpg,0
./images/1/24.jpg,0
./images/1/25.jpg,0
./images/1/26.jpg,0
./images/1/27.jpg,0
./images/1/28.jpg,0
./images/1/29.jpg,0
./images/1/30.jpg,0
./images/1/31.jpg,0
./images/1/32.jpg,0
./images/1/33.jpg,0
./images/1/34.jpg,0
./images/1/35.jpg,0
./images/1/36.jpg,0
./images/1/37.jpg,0
./images/1/38.jpg,0
./images/1/39.jpg,0
./images/1/40.jpg,0
./images/1/41.jpg,0
./images/1/42.jpg,0
./images/1/43.jpg,0
./images/1/44.jpg,0
./images/1/45.jpg,0
./images/1/46.jpg,0
./images/1/47.jpg,0
./images/1/48.jpg,0
./images/1/49.jpg,0
./images/1/50.jpg,0
./images/1/51.jpg,0
./images/1/52.jpg,0
./images/1/53.jpg,0
./images/1/54.jpg,0
./images/1/55.jpg,0
./images/1/56.jpg,0
./images/1/57.jpg,0
./images/1/58.jpg,0
./images/1/59.jpg,0
./images/1/60.jpg,0
./images/1/61.jpg,0
./images/1/62.jpg,0
./images/1/63.jpg,0
./images/1/64.jpg,0
./images/1/65.jpg,0
./images/1/66.jpg,0
./images/1/67.jpg,0
./images/1/68.jpg,0
./images/1/69.jpg,0
./images/1/70.jpg,0
./images/1/71.jpg,0
./images/1/72.jpg,0
./images/1/73.jpg,0
./images/1/74.jpg,0
./images/1/75.jpg,0
./images/1/76.jpg,0
./images/1/77.jpg,0
./images/1/78.jpg,0
./images/1/79.jpg,0
./images/1/80.jpg,0
./images/1/81.jpg,0
./images/1/82.jpg,0
./images/1/83.jpg,0
./images/1/84.jpg,0
./images/1/85.jpg,0
./images/1/86.jpg,0
./images/1/87.jpg,0
./images/1/88.jpg,0
./images/1/89.jpg,0
./images/1/90.jpg,0
./images/1/91.jpg,0
./images/1/92.jpg,0
./images/1/93.jpg,0
./images/1/94.jpg,0
./images/1/95.jpg,0
./images/1/96.jpg,0
./images/1/97.jpg,0
./images/1/98.jpg,0
./images/1/99.jpg,0
./images/1/100.jpg,0
./images/1/101.jpg,0
./images/1/102.jpg,0
./images/1/103.jpg,0
./images/1/104.jpg,0
./images/3/1.jpg,1
./images/3/2.jpg,1
./images/3/3.jpg,1
./images/3/4.jpg,1
./images/3/5.jpg,1
./images/3/6.jpg,1
./images/3/7.jpg,1
./images/3/8.jpg,1
./images/3/9.jpg,1
./images/3/10.jpg,1
./images/3/11.jpg,1
./images/3/12.jpg,1
./images/3/13.jpg,1
./images/3/14.jpg,1
./images/3/15.jpg,1
./images/3/16.jpg,1
./images/3/17.jpg,1
./images/3/18.jpg,1
./images/3/19.jpg,1
./images/3/20.jpg,1
./images/3/21.jpg,1
./images/3/22.jpg,1
./images/3/23.jpg,1
./images/3/24.jpg,1
./images/3/25.jpg,1
./images/3/26.jpg,1
./images/3/27.jpg,1
./images/3/28.jpg,1
./images/3/29.jpg,1
./images/3/30.jpg,1
./images/3/31.jpg,1
./images/3/32.jpg,1
./images/3/33.jpg,1
./images/3/34.jpg,1
./images/3/35.jpg,1
./images/3/36.jpg,1
./images/3/37.jpg,1
./images/3/38.jpg,1
./images/3/39.jpg,1
./images/3/40.jpg,1
./images/3/41.jpg,1
./images/3/42.jpg,1
./images/3/43.jpg,1
./images/3/44.jpg,1
./images/3/45.jpg,1
./images/3/46.jpg,1
./images/3/47.jpg,1
./images/3/48.jpg,1
./images/3/49.jpg,1
./images/3/50.jpg,1
./images/3/51.jpg,1
./images/3/52.jpg,1
./images/3/53.jpg,1
./images/3/54.jpg,1
./images/3/55.jpg,1
./images/3/56.jpg,1
./images/3/57.jpg,1
./images/3/58.jpg,1
./images/3/59.jpg,1
./images/3/60.jpg,1
./images/3/61.jpg,1
./images/3/62.jpg,1
./images/3/63.jpg,1
./images/3/64.jpg,1
./images/3/65.jpg,1
./images/3/66.jpg,1
./images/3/67.jpg,1
./images/3/68.jpg,1
./images/3/69.jpg,1
./images/3/70.jpg,1
./images/3/71.jpg,1
./images/3/72.jpg,1
./images/3/73.jpg,1
./images/3/74.jpg,1
./images/3/75.jpg,1
./images/3/76.jpg,1
./images/3/77.jpg,1
./images/3/78.jpg,1
./images/3/79.jpg,1
./images/3/80.jpg,1
./images/3/81.jpg,1
./images/3/82.jpg,1
./images/3/83.jpg,1
./images/3/84.jpg,1
./images/3/85.jpg,1
./images/3/86.jpg,1
./images/3/87.jpg,1
./images/3/88.jpg,1
./images/3/89.jpg,1
./images/3/90.jpg,1
./images/3/91.jpg,1
./images/3/92.jpg,1
./images/3/93.jpg,1
./images/3/94.jpg,1
./images/3/95.jpg,1
./images/3/96.jpg,1
./images/3/97.jpg,1
./images/3/98.jpg,1
./images/3/99.jpg,1
./images/3/100.jpg,1
./images/3/101.jpg,1
./images/3/102.jpg,1
./images/3/103.jpg,1
./images/3/104.jpg,1
./images/5/1.jpg,2
./images/5/2.jpg,2
./images/5/3.jpg,2
./images/5/4.jpg,2
./images/5/5.jpg,2
./images/5/6.jpg,2
./images/5/7.jpg,2
./images/5/8.jpg,2
./images/5/9.jpg,2
./images/5/10.jpg,2
./images/5/11.jpg,2
./images/5/12.jpg,2
./images/5/13.jpg,2
./images/5/14.jpg,2
./images/5/15.jpg,2
./images/5/16.jpg,2
./images/5/17.jpg,2
./images/5/18.jpg,2
./images/5/19.jpg,2
./images/5/20.jpg,2
./images/5/21.jpg,2
./images/5/22.jpg,2
./images/5/23.jpg,2
./images/5/24.jpg,2
./images/5/25.jpg,2
./images/5/26.jpg,2
./images/5/27.jpg,2
./images/5/28.jpg,2
./images/5/29.jpg,2
./images/5/30.jpg,2
./images/5/31.jpg,2
./images/5/32.jpg,2
./images/5/33.jpg,2
./images/5/34.jpg,2
./images/5/35.jpg,2
./images/5/36.jpg,2
./images/5/37.jpg,2
./images/5/38.jpg,2
./images/5/39.jpg,2
./images/5/40.jpg,2
./images/5/41.jpg,2
./images/5/42.jpg,2
./images/5/43.jpg,2
./images/5/44.jpg,2
./images/5/45.jpg,2
./images/5/46.jpg,2
./images/5/47.jpg,2
./images/5/48.jpg,2
./images/5/49.jpg,2
./images/5/50.jpg,2
./images/5/51.jpg,2
./images/5/52.jpg,2
./images/5/53.jpg,2
./images/5/54.jpg,2
./images/5/55.jpg,2
./images/5/56.jpg,2
./images/5/57.jpg,2
./images/5/58.jpg,2
./images/5/59.jpg,2
./images/5/60.jpg,2
./images/5/61.jpg,2
./images/5/62.jpg,2
./images/5/63.jpg,2
./images/5/64.jpg,2
./images/5/65.jpg,2
./images/5/66.jpg,2
./images/5/67.jpg,2
./images/5/68.jpg,2
./images/5/69.jpg,2
./images/5/70.jpg,2
./images/5/71.jpg,2
./images/5/72.jpg,2
./images/5/73.jpg,2
./images/5/74.jpg,2
./images/5/75.jpg,2
./images/5/76.jpg,2
./images/5/77.jpg,2
./images/5/78.jpg,2
./images/5/79.jpg,2
./images/5/80.jpg,2
./images/5/81.jpg,2
./images/5/82.jpg,2
./images/5/83.jpg,2
./images/5/84.jpg,2
./images/5/85.jpg,2
./images/5/86.jpg,2
./images/5/87.jpg,2
./images/5/88.jpg,2
./images/5/89.jpg,2
./images/5/90.jpg,2
./images/5/91.jpg,2
./images/5/92.jpg,2
./images/5/93.jpg,2
./images/5/94.jpg,2
./images/5/95.jpg,2
./images/5/96.jpg,2
./images/5/97.jpg,2
./images/5/98.jpg,2
./images/5/99.jpg,2
./images/5/100.jpg,2
./images/5/101.jpg,2
./images/5/102.jpg,2
./images/5/103.jpg,2
./images/5/104.jpg,2
./images/7/1.jpg,3
./images/7/2.jpg,3
./images/7/3.jpg,3
./images/7/4.jpg,3
./images/7/5.jpg,3
./images/7/6.jpg,3
./images/7/7.jpg,3
./images/7/8.jpg,3
./images/7/9.jpg,3
./images/7/10.jpg,3
./images/7/11.jpg,3
./images/7/12.jpg,3
./images/7/13.jpg,3
./images/7/14.jpg,3
./images/7/15.jpg,3
./images/7/16.jpg,3
./images/7/17.jpg,3
./images/7/18.jpg,3
./images/7/19.jpg,3
./images/7/20.jpg,3
./images/7/21.jpg,3
./images/7/22.jpg,3
./images/7/23.jpg,3
./images/7/24.jpg,3
./images/7/25.jpg,3
./images/7/26.jpg,3
./images/7/27.jpg,3
./images/7/28.jpg,3
./images/7/29.jpg,3
./images/7/30.jpg,3
./images/7/31.jpg,3
./images/7/32.jpg,3
./images/7/33.jpg,3
./images/7/34.jpg,3
./images/7/35.jpg,3
./images/7/36.jpg,3
./images/7/37.jpg,3
./images/7/38.jpg,3
./images/7/39.jpg,3
./images/7/40.jpg,3
./images/7/41.jpg,3
./images/7/42.jpg,3
./images/7/43.jpg,3
./images/7/44.jpg,3
./images/7/45.jpg,3
./images/7/46.jpg,3
./images/7/47.jpg,3
./images/7/48.jpg,3
./images/7/49.jpg,3
./images/7/50.jpg,3
./images/7/51.jpg,3
./images/7/52.jpg,3
./images/7/53.jpg,3
./images/7/54.jpg,3
./images/7/55.jpg,3
./images/7/56.jpg,3
./images/7/57.jpg,3
./images/7/58.jpg,3
./images/7/59.jpg,3
./images/7/60.jpg,3
./images/7/61.jpg,3
./images/7/62.jpg,3
./images/7/63.jpg,3
./images/7/64.jpg,3
./images/7/65.jpg,3
./images/7/66.jpg,3
./images/7/67.jpg,3
./images/7/68.jpg,3
./images/7/69.jpg,3
./images/7/70.jpg,3
./images/7/71.jpg,3
./images/7/72.jpg,3
./images/7/73.jpg,3
./images/7/74.jpg,3
./images/7/75.jpg,3
./images/7/76.jpg,3
./images/7/77.jpg,3
./images/7/78.jpg,3
./images/7/79.jpg,3
./images/7/80.jpg,3
./images/7/81.jpg,3
./images/7/82.jpg,3
./images/7/83.jpg,3
./images/7/84.jpg,3
./images/7/85.jpg,3
./images/7/86.jpg,3
./images/7/87.jpg,3
./images/7/88.jpg,3
./images/7/89.jpg,3
./images/7/90.jpg,3
./images/7/91.jpg,3
./images/7/92.jpg,3
./images/7/93.jpg,3
./images/7/94.jpg,3
./images/7/95.jpg,3
./images/7/96.jpg,3
./images/7/97.jpg,3
./images/7/98.jpg,3
./images/7/99.jpg,3
./images/7/100.jpg,3
./images/7/101.jpg,3
./images/7/102.jpg,3
./images/7/103.jpg,3
./images/7/104.jpg,3
